StudentNo,FirstRegistrationYear,FirstName,Surname,YearOfBirth,MonthOfBirth,DateOfBirth
51083,2015,Corrie,Walsh,1990,8,26
50198,2016,Pepita,Renihan,1987,8,21
50831,2018,Dwain,Firminger,1976,5,14
50696,2018,Dagny,Loram,1990,6,19
50396,2019,Garreth,Huntingford,1969,8,23
51914,2021,Byran,Jozsa,1956,11,11
51395,2019,Birch,Gay,1968,3,23
50864,2017,Gib,Murie,1987,2,10
52874,2016,Kinny,Simcock,1979,6,27
50741,2015,Ellis,Cullivan,1996,12,1
52910,2017,Ashlie,Conechie,1956,10,23
51191,2016,Kass,Brotherhead,1958,1,15
52133,2018,Marys,Fronks,1952,11,17
50885,2020,Kristina,Blouet,1974,12,11
52028,2017,Anna-diana,Swayton,1989,12,14
50918,2018,Skipper,Shakesbye,1963,1,5
52010,2017,Izak,Mulrean,1984,7,4
50921,2016,Delano,Rowen,2000,11,8
50990,2016,Jolene,Whimper,1969,3,12
50405,2016,Barrett,Yglesia,1995,1,4
52310,2015,Barrie,De Cristofalo,1955,6,13
52775,2015,Faustine,Woolfoot,1983,5,18
50246,2015,Buck,Mountlow,1996,12,17
52502,2015,Nadiya,Konke,1964,8,18
51755,2016,Luelle,Kaming,1974,9,13
52481,2017,Warner,Wyldbore,1952,6,22
50840,2018,Kaia,McIlherran,1962,6,12
52532,2018,Glynnis,Lavers,2003,10,25
52844,2016,Shermie,Rosone,1957,11,19
51479,2021,Phyllis,Minucci,1976,12,26
50552,2015,Samuel,Broad,1964,4,27
52472,2017,Elita,Lempel,1974,7,1
50189,2017,Kendre,West-Frimley,1964,5,8
52091,2021,Krissie,Breedy,1960,12,16
50927,2021,Brook,Lentsch,1973,2,2
52958,2015,Benito,Beange,1990,8,2
50213,2020,Tara,Twelve,2003,5,4
52352,2015,Berri,Vogeller,1968,11,19
51494,2016,Fara,Haddrell,1960,6,25
50510,2021,Jud,Salsberg,1953,2,15
51506,2015,Ugo,Longina,1971,2,21
50096,2016,Chloris,MacCombe,1976,1,24
50498,2019,Devinne,Pickring,1999,4,20
51338,2016,Anna-diane,Covington,1958,11,17
51128,2017,Bria,Kubicki,1958,9,28
52595,2018,Breena,Wadly,1975,2,17
52070,2021,Rustin,Davidai,1972,7,6
51452,2019,Boothe,Jobling,1969,10,20
51482,2017,Hy,Arblaster,1980,1,26
52538,2021,Dawna,Tasker,1967,10,5
50489,2020,Annora,Fookes,1962,9,4
52712,2017,Abraham,Guest,1985,9,12
52463,2015,Sapphire,Conklin,1989,10,18
50549,2021,Aurilia,Gurdon,2005,12,4
52418,2018,Koo,McKerron,1983,10,22
50633,2017,Grenville,Shergold,1975,6,12
52406,2016,Sherri,Huniwall,1958,7,24
52808,2021,James,McCrillis,2005,7,20
51347,2021,Melvyn,Moscrop,2004,10,3
52172,2017,Freddy,Dwyr,1968,3,10
52997,2020,Amara,Crowson,1965,6,25
52208,2019,Neila,McClune,1968,1,11
51527,2017,Dotti,Strewthers,1990,8,22
52256,2015,Pavia,Covely,1958,3,6
50564,2021,Dwight,Obert,1987,3,3
51374,2020,Janis,Goundsy,1958,2,17
50528,2021,Gardner,Bettis,1977,3,4
51188,2016,Corilla,Rubinov,1983,12,15
50132,2021,Fairlie,Chiplin,1957,5,25
50621,2021,Jeramey,Garret,1962,11,10
50285,2021,Cash,Menauteau,1985,3,5
52298,2018,Doll,Spurrior,1988,10,19
50729,2017,Florie,Lerego,2001,2,11
50834,2020,Tatiania,Fairley,1965,4,13
52019,2020,Van,Rehorek,2004,1,11
52436,2019,Cindelyn,Kubalek,2004,2,7
51167,2016,Lindsay,Burman,1976,8,23
51263,2018,Juliann,Goad,2004,3,24
52238,2020,Vick,Cluderay,1976,7,6
52145,2017,Alvera,Pepperell,2002,1,6
52676,2021,Raf,Werny,1951,3,2
52493,2016,Othilia,Sygroves,1958,6,9
51668,2016,Clareta,Chard,1993,10,2
50591,2018,Sharon,Harpin,1987,9,26
50810,2021,Ashley,Leving,1974,2,1
52169,2021,Abagail,Woodington,1991,4,12
52682,2020,Benjie,Astlett,1956,1,1
50225,2019,Alexia,Bodill,1990,8,2
51272,2020,Zea,Withringten,1994,11,3
50597,2016,Lari,Hazlegrove,1959,2,24
51791,2020,Sella,Landes,1977,3,7
51980,2016,Joannes,Slayford,1959,3,13
50723,2020,Elayne,Helis,2000,3,23
51269,2016,Andie,Dunridge,1973,4,4
50057,2021,Warren,Muslim,1979,1,8
50216,2017,Cart,Peiser,1981,9,4
51287,2018,Stevy,Serjent,2000,10,7
50183,2018,Dugald,O'Loinn,1952,4,21
51575,2021,Byram,Malbon,2003,2,27
51902,2021,Donia,Just,1976,7,5
52856,2017,Nikolai,Marcos,1954,4,14
52820,2017,Fredericka,Whitford,1983,7,1
50915,2019,Juliet,Stickings,1985,9,16
51788,2021,Koenraad,Stangoe,1957,4,17
52271,2021,Ethelred,Kullmann,1992,9,25
50219,2015,Corney,Spary,1967,3,9
52796,2021,Ade,McGuane,1982,5,6
51926,2016,Jeffrey,Muschette,1978,9,25
52043,2015,Elsey,Woodham,1965,3,5
50768,2018,Marji,Cardoo,1994,4,16
51446,2015,Shayna,Korejs,2001,10,6
50558,2017,Theresina,Savatier,1988,4,3
51407,2015,Rosella,Rosendale,1984,11,2
51233,2019,Wallis,Dryden,1987,7,2
52964,2017,Clarance,Nelthropp,2000,11,1
51779,2015,Barbabas,McIan,1971,8,11
51959,2021,Jada,Tunuy,1968,10,18
51776,2016,Cayla,Eakin,1984,9,10
50210,2018,Noel,Hewlings,1982,8,22
51848,2018,Grannie,Gutcher,1962,6,14
52982,2021,Haley,Searles,1959,12,5
51953,2017,Marget,O'Flaverty,2003,1,23
50066,2015,Ardenia,Josefson,1964,4,26
52034,2015,Noreen,Roughan,1995,8,2
51239,2020,Iggie,Lowrie,2001,8,4
51116,2015,Carlo,Woolley,2004,2,19
52454,2019,Charity,Alcorn,1979,4,18
51836,2018,Griz,Readhead,1952,5,7
50345,2019,Doyle,Nel,1985,8,28
51131,2017,Belinda,Petrushanko,1959,4,22
52619,2019,Almeta,McGowan,2005,12,17
52793,2018,Florry,Willatt,1976,11,21
51515,2015,Kacie,Waight,1982,7,7
50324,2016,Marie,Tampling,1988,2,19
52142,2016,Nancee,Gascoigne,1977,3,15
52157,2019,Adams,Huck,2005,6,18
51887,2019,Carena,Wixey,1989,4,6
52742,2020,Rik,Brandom,1967,1,18
51110,2015,Alfie,Wisby,2003,5,7
52013,2019,Barde,Stathers,1966,2,26
52121,2020,Aundrea,Tosney,1952,3,27
50021,2017,Mady,Culleford,1996,2,24
52118,2019,Chelsy,Grigg,1989,5,24
51941,2020,Wit,Georgot,1958,11,6
50654,2017,Fax,Biddleston,1988,4,11
50177,2018,Rana,Lamb,1957,2,24
52913,2018,Paxon,Sponder,1991,1,9
52679,2019,Ingaborg,Rechert,1986,12,1
51254,2017,Karon,Sebyer,1972,6,17
50735,2017,Pierette,Rawlison,2004,10,22
52358,2019,Ingrid,Wickett,1954,11,3
51827,2015,Yurik,Fynan,1970,8,24
50072,2021,Darya,Lovick,1982,9,5
50906,2016,Vitoria,Sarsfield,1976,12,18
51410,2015,Crista,Calvie,1982,5,7
52052,2020,Fidelity,Birchall,2000,5,18
50828,2020,Lara,Tarbet,1967,1,16
51278,2021,Christian,Hayley,1964,1,6
50924,2019,Camey,Barrott,1997,4,9
51602,2019,Jeromy,Hasty,1988,4,19
51518,2015,Danni,Ephgrave,1982,9,14
50375,2016,Nellie,Keaysell,1993,4,3
50363,2015,Brietta,O'Geneay,1975,7,23
51242,2021,Waldo,Burges,2005,5,21
51971,2019,Babs,Dowry,1998,9,21
51476,2015,Abagail,Attwill,2004,8,18
52586,2018,Lela,Kyrkeman,1990,5,16
52724,2015,Mariana,Paddeley,1965,1,8
51533,2020,Lin,Gurton,1950,4,6
51566,2017,Clayson,Vasiltsov,1990,3,20
50000,2018,Guinna,Jorck,1967,4,8
52736,2017,Kettie,Maso,1998,2,5
51056,2021,Cornela,Killough,1963,2,21
50693,2018,Saunders,McLenaghan,1965,3,11
52016,2021,Eimile,Muriel,1952,6,11
51473,2021,Billie,Dursley,1975,6,18
52400,2021,Josi,Van der Hoeven,1982,2,23
50186,2017,Phelia,Bembridge,2002,7,12
52601,2021,Moira,Chauvey,1996,9,17
51014,2017,Morrie,Trayhorn,1991,3,14
52289,2020,Ola,Perkins,1974,5,13
52613,2021,Marlon,Skechley,1986,1,9
50471,2020,Dave,Brussels,1997,10,3
52634,2021,Tara,Gavahan,1967,8,25
52784,2015,Isabelle,Benza,1982,5,10
50438,2018,Goldy,Simounet,1987,6,4
51809,2021,Viki,McIlriach,2003,12,5
51593,2016,Marvin,Brugger,1979,12,21
52457,2021,Gabby,Lavis,1964,12,20
50180,2016,Chanda,Leather,1965,2,16
50897,2018,Giuseppe,Gourley,1983,5,18
53000,2019,Alaric,Dearnley,1972,8,14
51221,2017,Seamus,Bellew,1990,7,24
51647,2018,Hersch,Clohisey,1972,5,27
50543,2017,Hortensia,Bruin,1972,7,6
51485,2015,Kurtis,Muffen,1988,8,22
51764,2020,Tyne,Fullman,1976,1,10
51251,2018,Mozes,Smurfitt,2005,3,12
52154,2019,Sheffie,Airey,1979,2,14
51284,2015,Stacee,Di Giacomo,1962,10,21
51770,2018,Lizbeth,Vasilenko,1962,7,19
51125,2017,Herschel,Treacher,1979,5,8
52931,2019,Archambault,Kemsley,1959,10,18
51398,2017,Isabel,D'Aulby,1987,1,12
50999,2020,Sergei,McCarry,2001,7,12
50711,2018,Gonzalo,Arpino,2002,9,13
50372,2018,Karmen,Whyte,2000,6,13
52388,2016,Nari,Traylen,1998,12,7
51608,2021,Jodi,Boydell,1977,9,13
50039,2018,Perry,Punter,1986,6,14
52445,2019,Kayley,Pettendrich,1954,2,27
51962,2020,Jaquenetta,Ayto,1985,11,12
51425,2019,Roderigo,Yeaman,1977,3,23
52937,2019,Kirsten,Readshaw,1983,1,1
52331,2021,Tasia,Clampin,1994,5,9
50522,2016,Teddi,Barbary,1999,8,26
52319,2017,Cullan,Maudson,1976,10,1
52757,2016,Zollie,Bodycote,1970,5,7
52562,2016,Burl,Balazs,1951,8,22
52064,2016,Rayna,Midgely,2001,12,13
51134,2020,Dee dee,Exroll,1982,3,14
50036,2020,Lorrie,Tomsa,1961,1,8
50783,2016,Melly,Dake,1958,6,14
50099,2017,Fina,Angove,2004,2,14
50384,2017,Tallia,Marks,1992,1,27
50507,2018,Powell,Buckston,1998,12,7
50117,2018,Kerstin,Swinden,1954,9,22
50753,2021,Dorothee,Waycot,1952,7,18
52925,2019,Siegfried,Kelleher,1957,10,24
52325,2015,Antoine,Esposi,1950,2,21
50594,2020,Toby,Norkett,1998,7,12
50579,2019,Caye,Kunze,1953,6,3
52439,2020,Corey,Springham,1994,2,13
51587,2018,Mariska,Gewer,1952,2,1
51092,2015,Leah,Hayles,2003,5,5
51797,2021,Wilma,Kidby,1959,10,12
51104,2018,Teodora,Claringbold,1987,2,1
52574,2021,Dalt,Mothersdale,1971,4,22
50171,2017,Analiese,Ellins,2001,7,19
51038,2015,Clara,Morley,1988,1,25
51689,2015,Mona,MacCawley,2001,10,11
51359,2020,Raddie,Grange,1953,12,5
51707,2021,Levi,Neiland,1955,4,13
52304,2019,Salim,Curedale,1959,12,13
51371,2017,Amye,Mabbs,1956,10,25
51461,2017,Grenville,Strong,1956,12,16
50762,2015,Carmina,Hellikes,1965,5,16
51050,2018,Eimile,Doornbos,1981,12,1
52979,2018,Kizzie,Boxe,2001,7,25
51356,2018,Hannis,Probet,1964,1,4
51119,2021,Dania,Searson,1985,2,25
50771,2015,Fayette,Robinette,1955,3,24
52301,2019,Lula,Withrop,1985,6,3
50108,2016,Ermentrude,Becken,1986,4,14
50111,2020,Elisabet,Creffeild,1989,5,11
52190,2020,Roma,Duffet,1965,10,5
50105,2016,Karim,Whyman,1967,2,23
52295,2018,Maddi,Pyrah,1986,9,6
52268,2019,Roxanne,Ower,1951,9,10
51260,2020,Quintana,McKillop,1997,6,4
52664,2017,Ludvig,Mc Harg,1969,5,27
51203,2018,Archaimbaud,MacDunlevy,1970,7,16
52085,2015,Filberto,Liddy,1959,2,8
50381,2016,Elke,Abele,1995,5,21
51320,2018,Dyana,Onele,1956,4,18
50660,2019,Teddie,Gillebride,1995,5,4
52046,2015,Alleen,Fordham,1968,4,26
52100,2017,Cord,Agastina,1975,12,18
50480,2021,Joelly,Luchelli,1999,5,11
52853,2021,Melodie,Riguard,1988,12,22
52688,2017,Jocelyne,Ludvigsen,1979,12,25
50546,2015,Adria,Smorthit,1954,11,6
52184,2017,Nadine,Goracci,1953,7,16
50288,2016,Margaretta,Grisdale,1993,12,8
52631,2016,Sibbie,Bateup,1969,4,4
52529,2017,Ronnica,Borsnall,1985,7,22
51392,2020,Hyacinth,Kmicicki,1965,12,10
52685,2020,Alejandra,Duxbury,2004,2,17
52283,2018,Micheal,Allberry,1980,1,13
50336,2019,Hussein,Tantum,1963,8,19
50615,2016,Marla,Stepney,1957,5,3
51794,2019,Taber,Servant,1960,12,10
52841,2018,Joy,Ekins,2002,10,19
52883,2019,Kyrstin,Byatt,1993,8,19
51383,2017,Lenette,Kubiczek,1998,4,10
52277,2019,Alejoa,Illing,1979,9,25
50975,2018,Starr,Colquit,1972,6,21
52394,2017,Siusan,Weiss,1966,1,21
50435,2021,Lind,Fuchs,1995,2,7
52829,2017,Pacorro,Parkeson,1983,1,8
51353,2020,Pieter,Warsop,1951,4,7
51656,2018,Willem,Audrey,1952,12,19
50666,2019,Aubrey,Norwood,1990,8,19
52430,2021,Clementius,Gerrels,1970,1,21
50237,2018,Ali,Domanek,1957,8,26
52961,2016,Alberto,Patsall,1952,4,21
51701,2018,Lannie,Crossland,1982,4,11
51179,2019,Yetty,Conre,1970,3,18
52649,2020,Consalve,Riccelli,1960,1,25
51677,2016,Cherey,Wogan,2002,3,27
50417,2018,Clemens,Espadas,1950,12,4
50798,2018,Brennan,Serotsky,1990,10,14
52730,2018,Millicent,Gronow,1993,11,23
51149,2018,Kincaid,Fawdry,1975,7,7
52250,2019,Ladonna,Dunsleve,1958,5,14
51209,2016,Neilla,Newton,2003,5,7
51530,2016,Adeline,Solland,1988,11,17
51659,2017,Germain,Godsil,1967,4,2
52106,2021,Kassey,Llywarch,1966,12,22
52442,2018,Dickie,Blennerhassett,1992,11,24
51137,2018,Paulie,Ricciardi,1962,6,20
50606,2018,Jamey,Fulker,1981,5,11
52763,2020,Sibilla,Siddons,1996,3,11
50555,2016,Daphna,Callaghan,2002,11,16
52505,2015,Flss,Gambie,1952,9,18
50276,2018,Andreana,Raigatt,1989,12,24
51362,2016,Pearline,Hubback,1984,2,26
50651,2021,Annabela,Gretton,1967,11,25
51782,2020,Gracia,Nappin,1960,7,12
50234,2016,Jacinda,Billyard,1997,2,1
52136,2020,Ivan,Gumery,2003,10,14
52580,2015,Benedicta,Smallpeice,2001,1,25
52073,2020,Hamlen,Gingel,1992,4,16
52247,2021,Lancelot,Tuvey,1999,4,15
52550,2016,Kimball,Pringer,1996,5,23
50936,2019,Roseline,Durrell,1992,5,9
52469,2019,Edie,Fratczak,1985,10,9
50585,2017,Bernelle,Ripon,1973,10,17
52127,2017,Graeme,Karpenko,1961,9,12
50249,2015,Merilee,Dosdell,1996,9,7
50432,2018,Gonzales,Brastead,1968,2,5
51617,2017,Nicholas,Attenborrow,1969,3,9
52967,2017,Britt,Cuming,1984,11,22
51521,2017,Jenna,Fossey,1975,12,19
51686,2019,Lucine,Bapty,1971,1,23
51470,2015,Angeli,Hovy,2001,7,8
50495,2021,Babette,Saker,1956,1,3
50465,2015,Kara,Denisard,1995,1,19
52862,2019,Stanly,Donnan,1957,1,16
50690,2021,Cammy,Rosina,1951,4,13
52526,2021,Rubin,Creaser,1960,5,21
52727,2015,Gerta,Rickardsson,1966,9,13
51047,2021,Zerk,Sentance,1965,4,7
52592,2017,Fae,Maccaig,1971,6,3
51011,2018,Sande,Burle,2003,1,20
52946,2021,Christine,Havvock,1971,7,13
52886,2020,Lark,Cosley,1990,5,17
50354,2018,Catherin,Kembery,1957,9,16
51344,2020,Shurlocke,Mosdall,1954,10,19
50930,2016,Berti,Apple,1983,5,10
51212,2015,Rock,Stennard,1961,12,25
51665,2020,Godwin,Cardillo,1981,8,7
50093,2018,Carry,Lepper,1952,7,14
50060,2015,Alana,Sherman,1958,3,6
50816,2019,Flo,Jarville,1976,2,5
52868,2017,Jasmin,Dombrell,1992,6,20
50156,2018,Wendel,Retchless,2001,9,26
50678,2021,Lotta,Stubbert,1995,10,3
50357,2015,Jodi,oldey,1975,7,3
50006,2015,Janela,Oxx,1953,5,4
52061,2020,Carter,Farrow,1967,4,23
50114,2020,Jemmie,Kieff,1991,7,3
50078,2016,Corette,Lidstone,1982,4,25
50843,2017,Genni,Blennerhassett,1951,12,21
51752,2016,Hynda,McLagain,1981,3,9
50279,2015,Montgomery,Marty,1963,12,26
52187,2019,Griswold,Shilliday,1976,9,6
52001,2016,Jan,Schermick,1983,7,1
52484,2021,Faun,Crean,1955,7,24
52598,2017,Obidiah,Palley,1994,6,27
51440,2015,Kyrstin,Click,1994,8,11
51290,2020,Ashien,Ede,1984,3,14
52541,2021,Nickolai,Oliphand,1980,9,6
50330,2017,Sheffield,Blanque,2002,7,12
52523,2019,Revkah,Cammis,1993,11,3
52391,2016,Brittney,Lidgley,1974,6,11
50714,2015,Aaron,Meechan,1986,4,28
52889,2021,Rik,Dooher,1995,12,20
51467,2018,Terry,Eykelbosch,1995,4,12
51578,2016,Brit,Grimditch,1959,2,10
51170,2015,Tricia,Worswick,1958,11,3
50195,2020,Baudoin,Marcinkus,1995,1,11
50804,2018,Vincenz,Mowett,1953,11,17
50795,2019,Joshuah,Deans,1998,1,18
50030,2021,Rori,Metzel,1984,12,11
50978,2018,Trace,Adanet,2000,12,24
51281,2017,Cody,Yetman,1974,8,23
50669,2020,Garold,MacCosto,1972,12,26
52433,2015,Mickey,Wilton,1988,9,19
51077,2016,Carmine,Fruchon,1998,10,15
52991,2021,Matilde,Barlee,1951,4,7
50789,2017,Tann,Lomasna,1969,9,26
52322,2017,Virge,Kem,1958,4,25
50645,2019,Sarah,Slixby,1996,3,11
51155,2019,Farley,Crothers,1977,7,8
50141,2017,Gertrude,Bellis,1957,10,6
51899,2017,Lorrie,Itzcovich,1965,11,14
50642,2017,Robb,Pim,1959,6,22
52181,2020,Truda,Maudlin,1966,7,28
50423,2016,Bell,Denis,1979,12,25
52703,2018,Wilmer,Brownhill,1984,9,27
51008,2016,Rea,Jess,1957,6,24
50618,2018,Cindra,Eplate,1990,12,17
51644,2015,Kenneth,Canton,1991,5,3
51911,2020,Ahmed,Coule,2003,1,11
50846,2017,Marika,Newbigging,1973,12,8
51863,2015,Meta,Slegg,1972,7,4
50870,2016,Beckie,Kenen,1986,6,2
51341,2021,Aline,Stoppe,1984,3,25
52403,2015,Elsworth,Duffy,1977,7,18
51866,2017,Lyndsie,Hover,1980,10,16
50102,2018,Bridgette,Luck,1974,3,21
50378,2015,Masha,Greeveson,1992,4,19
51314,2017,Mickey,Burcombe,1996,3,12
50687,2020,Dot,Althorpe,1972,3,7
52901,2018,Heinrik,Radmore,1962,12,1
50282,2017,Seka,Galle,2000,12,3
50984,2020,Helsa,Fee,1995,12,13
50393,2020,Fremont,Hartwell,1966,10,4
50732,2015,Shelby,Jupp,2004,3,7
50765,2017,Georgena,Purser,1999,4,19
52637,2016,Demetris,Lantuffe,1958,10,10
51875,2021,Spense,Lukas,1954,4,5
52517,2021,Ardisj,Inker,2001,7,9
50657,2016,Marlon,Sandyfirth,1953,9,16
50969,2020,Sal,East,1969,2,9
52745,2015,Leonanie,Dacey,1963,5,23
51737,2017,Abby,Blewis,2003,3,22
51995,2018,Land,Drugan,1963,3,9
51206,2020,Casandra,Rennox,1991,5,25
51818,2017,Alvera,Syers,1992,5,21
50012,2015,Isidora,Wilcock,1960,7,7
52568,2017,Deidre,Kingsworth,1995,8,9
50882,2021,Tanhya,Challin,1956,7,28
50951,2019,Eulalie,Rubertis,2004,2,28
51968,2021,Lola,Willmore,1992,11,10
52955,2017,Sanford,Dearnley,1972,7,2
51215,2016,Donnell,Cutteridge,2004,9,15
50627,2017,Jarrett,Bellanger,1961,12,26
50450,2019,Stella,Reckhouse,1954,11,22
51950,2018,Tobe,Rowthorne,1952,11,20
52274,2020,Teddy,Jeannenet,1958,9,16
51596,2020,Thor,Devennie,2005,6,15
50348,2016,Nona,O'Daly,1959,2,13
51365,2018,Antonella,Full,1970,8,7
52715,2017,Melisandra,Judgkins,1970,4,7
50576,2019,Orbadiah,Berkowitz,1998,2,22
50777,2021,Angelico,Davenhall,1996,1,7
52646,2016,Siana,MacAirt,1978,12,18
51611,2021,Conn,Averall,1995,4,1
51449,2016,Granny,Tillard,2005,5,6
50444,2016,Esdras,Victoria,1951,8,24
51605,2020,Asa,Ryle,1956,7,8
51851,2020,Shandy,Barrowcliffe,1979,11,26
52124,2015,Fitzgerald,Nashe,1988,12,24
52985,2020,Myrta,Danihelka,1998,11,18
50483,2015,Dollie,O'Fielly,1955,7,14
50342,2018,Rosalind,Cordoba,1979,8,7
51059,2019,Aime,Warrier,1975,10,14
52307,2015,Ondrea,Daniely,1955,12,18
50048,2019,Jessey,Creffield,1976,1,23
50402,2020,Sidonia,Latliff,2000,7,18
51305,2021,Lanni,Mably,1999,3,20
51614,2017,Sigvard,Semerad,1958,2,9
51350,2021,Adamo,Geldart,1973,2,20
52280,2016,Reeta,Greenhall,1988,8,14
50756,2017,Ransell,Kennington,1960,1,16
52508,2017,Kellsie,Eake,2003,4,27
50120,2017,Stillmann,Blei,1983,1,28
50933,2016,Yance,Pooly,2005,10,9
50774,2020,Hamilton,Kearney,1993,12,15
52865,2021,Parke,Greenstreet,1951,7,10
51695,2016,Rand,Crielly,1995,5,6
52811,2018,Normie,Rummer,1985,10,23
50351,2018,Bobinette,Keeting,1956,8,3
50912,2016,Hagan,Fasler,1983,8,19
51653,2018,Jemmy,Chaudrelle,1998,8,15
51785,2017,Balduin,Boord,1995,3,15
52697,2015,Ashien,Cowburn,2005,12,26
50411,2020,Eleonore,Gook,2001,3,24
52904,2019,Tucker,Hurne,1962,1,9
52409,2018,Vanessa,Lampet,1954,7,17
51881,2018,Cordelia,Kynaston,1996,9,20
52859,2015,Kelby,McOmish,2000,6,8
52496,2017,Prentice,Ondrusek,1952,6,25
50849,2017,Osborne,Spread,1998,1,22
51767,2018,Ardys,Knell,2001,7,4
50045,2015,Sophia,De Laci,1973,3,15
50609,2016,Ilsa,Keats,1968,4,16
52520,2015,Roxi,Devonish,1952,2,16
52952,2018,Kathryne,Ramel,1958,5,26
51491,2017,Dalia,Harrema,1972,3,11
50309,2017,Dee dee,Wallworth,1984,9,3
50876,2020,Kermit,Cowitz,1962,11,20
50300,2020,Merrie,Stancliffe,2003,3,19
51713,2018,Thorny,Bromet,1953,1,15
51293,2018,Malva,Hardstaff,1964,9,16
50420,2019,Marybeth,Eddy,1968,1,15
52826,2020,Mollee,Storres,1988,10,22
50087,2019,Millie,Genicke,1974,1,7
52658,2015,Gena,Toping,1959,5,17
52241,2015,Frazier,Nardi,1962,10,15
52139,2016,Sula,Fardell,1959,4,17
51455,2016,Kerby,Kondratenya,1992,12,27
52553,2017,Queenie,Matyasik,1993,8,18
52193,2017,Nancee,Sansome,1981,7,9
52475,2017,Karyn,Brigginshaw,1982,9,11
50456,2021,Kissie,Gwilym,1977,8,2
52514,2017,George,McNee,1950,1,16
50684,2018,Archibaldo,Castaignet,1993,10,21
50261,2020,Madelle,Radbourne,1995,6,1
52364,2015,Lance,Haensel,1985,10,3
50822,2018,Massimiliano,Sanbroke,2001,4,3
52838,2017,Corine,Austick,1959,12,6
51002,2021,Andree,Conring,1959,5,20
50369,2016,Paige,Gartsyde,2004,6,12
52082,2019,Bebe,Shambroke,1955,2,28
52343,2021,Di,Slides,1957,1,8
52616,2019,Ferdinand,Townson,2005,2,4
52895,2015,Minette,Lovick,1962,4,14
52076,2020,Cart,Spick,1957,9,3
50441,2020,Kingsley,Balassi,1970,8,9
51542,2019,Bonnee,Bakeup,2001,6,15
50168,2016,Morena,Thurborn,1981,4,1
50987,2021,Orella,Tejada,2005,3,6
52058,2015,Marlo,Randalson,1968,3,17
51584,2020,Kendall,Heigl,1979,6,27
50042,2020,Scot,Linnard,1952,3,25
52949,2020,Ari,Klimp,1985,7,18
51497,2017,Yelena,Batchelor,1984,12,10
50138,2016,Elianora,Greedyer,1966,7,8
50321,2017,Finley,Macellar,1982,10,14
50333,2021,Phedra,Gorbell,1980,7,27
50366,2015,Sig,Downer,1997,4,12
50426,2015,Stanford,Daburn,1993,9,8
51893,2015,Mason,Jordison,2001,2,8
51101,2016,Chaddie,George,2002,11,19
51326,2016,Cosimo,Mollison,1973,10,13
51230,2015,Roderic,Olivazzi,1976,11,13
52817,2019,Timmie,Babb,1991,8,22
50792,2018,Kelcey,Bountiff,1959,7,15
50894,2020,Filmer,Adkins,2000,10,11
51773,2018,Morganne,Croisdall,1990,11,9
50648,2017,Michaelina,Ezzell,1957,8,28
51929,2016,Normand,Dalliston,1989,5,20
51323,2020,Samuele,Knappe,1976,9,14
52772,2016,Nickie,Munro,1959,1,5
50612,2019,Zedekiah,Curnokk,1991,1,28
52751,2020,Blanca,Folger,1988,10,8
50603,2019,Rafa,Skokoe,1991,4,3
51023,2020,Barbie,Goalby,1987,1,9
51581,2018,Leslie,Flacknell,1996,12,20
50801,2021,Fabio,Gatrill,1971,8,25
52916,2017,Francis,Verrills,1961,1,26
50477,2015,Alia,Tester,1950,12,12
50015,2019,Carlo,Thurlby,1983,5,6
52265,2018,Cari,Huonic,1957,6,6
51182,2016,Tucky,Yardley,1986,9,27
51716,2015,Dierdre,Gabbett,1957,6,6
51164,2018,Skelly,Rankine,1990,11,28
52670,2021,Onfre,Fiddeman,1958,5,27
50672,2015,Goldina,Eastope,1988,2,9
51692,2020,Selby,Everist,1989,12,18
52934,2020,Bruce,Pflieger,2002,12,18
51434,2021,Caitrin,Markova,2004,8,23
50162,2017,Davon,Prayer,1984,9,2
52163,2020,Wrennie,Kleinhandler,1970,7,10
50516,2019,Francene,Mee,1967,3,13
50600,2018,Kimberli,Clemendot,1998,3,4
50459,2020,Glad,Bungey,1996,6,27
52565,2017,Melicent,Bonafant,2002,5,6
51005,2021,Waldemar,Flewin,1963,5,14
51317,2016,Kessia,Dessaur,1976,8,9
51122,2021,Toddie,Baggott,1963,5,10
52547,2021,Drusi,Deuss,1982,12,27
52673,2021,Meghan,Hessentaler,1962,2,2
50504,2018,Mortie,Neljes,1974,1,27
51992,2017,Velma,Margetts,2005,9,13
51869,2021,Creighton,Friberg,1993,11,7
52049,2015,Krisha,Gorghetto,1958,5,7
52880,2018,Greer,Weeke,1957,6,3
52232,2017,Pauli,Dunston,1964,7,5
50744,2021,Maggy,Innis,1966,8,5
50018,2020,Gertrude,Casetta,1982,9,26
51920,2021,Elisha,Prest,1976,6,15
52919,2020,Chryste,Atwater,1989,3,7
51938,2021,Curcio,Santacrole,1954,5,22
50972,2021,Sosanna,Jenno,1965,7,26
52640,2020,Joana,Gilbertson,1989,8,4
51095,2021,Marlowe,Rodear,1964,1,17
51299,2015,Artair,O'Carroll,1975,3,22
50513,2019,Roanne,Danit,1989,3,4
51806,2016,Starlin,Cuell,1960,9,26
52328,2021,Pen,Coppock.,1988,5,10
51143,2017,Husein,Belson,2001,6,2
50966,2015,Maddie,Van Son,1968,5,20
51140,2015,Artus,Ledwidge,1969,6,10
52088,2018,Velma,Longden,1951,1,16
52160,2017,Becky,Fidele,1959,8,3
51329,2021,Brooks,Elford,1959,10,18
50399,2015,Jud,Huntress,1997,4,3
52766,2020,Charita,Aldous,1996,9,3
51932,2021,Lois,Farquarson,1997,10,22
50084,2017,Ragnar,Esmond,1985,3,28
50681,2020,Allis,Dunbabin,1971,6,6
52286,2021,Saba,Shoesmith,1987,3,21
52424,2021,Brenna,Jakubski,1983,8,11
51428,2015,Wendell,Lope,1962,4,4
52109,2019,Errick,Sussams,1964,11,16
51503,2018,Welsh,Holson,1958,6,13
51152,2017,Anette,Bendall,1999,3,25
50813,2015,Anna-diane,Grinyov,1989,12,10
52235,2021,Gwennie,Keinrat,1969,9,18
51944,2018,Mackenzie,Beardsdale,2005,1,28
50408,2020,Hubert,Mitkov,1970,11,7
52151,2020,Caria,Collomosse,1999,10,9
52397,2015,Boigie,Ilyunin,1999,6,11
52625,2021,Demetre,Sokell,1974,8,18
51146,2021,Joletta,Kruszelnicki,1958,7,21
51743,2021,Bennie,Forrest,2000,7,19
52706,2019,Winnie,Dummett,1986,1,3
52577,2016,Marin,Mulkerrins,1959,7,11
50462,2015,Clara,Lavielle,1956,1,16
51413,2019,Marcel,Baudet,1993,5,7
50588,2015,Rudie,Draco,1976,3,8
51842,2020,Evangeline,Plant,1953,1,26
50303,2015,Emanuel,Bouch,1951,2,4
51236,2021,Osbourn,Maggill'Andreis,1986,12,13
51974,2021,Maxine,Juste,1997,6,2
51416,2016,Godfrey,Furber,1997,8,15
51719,2018,Esdras,Chinery,1963,10,16
52214,2020,Tonya,Elecum,1953,4,3
52748,2015,Kennett,Turville,1966,2,11
52313,2018,Lorilyn,Farfoot,2001,8,18
52556,2017,Erda,Huston,1950,2,14
50759,2017,Tremain,Wardington,1972,12,2
51026,2021,Brett,Gall,1988,10,26
50702,2015,Hamil,Stutte,1993,3,18
52976,2017,Fanechka,Parman,1965,12,11
51098,2021,Abby,Nials,1975,1,16
51674,2015,Colet,Rosencwaig,1997,1,19
50258,2017,Massimo,Tulloch,1981,1,26
50222,2016,Brewster,Gunnell,1956,1,8
51509,2017,Bernarr,Opie,1957,4,25
52943,2015,Steve,Dalloway,1995,2,10
50090,2015,Emera,Shiel,1957,5,22
50525,2015,Susi,Cail,1981,11,27
52079,2021,Wallace,Clampett,1955,1,18
50360,2019,Josefa,Brazener,1993,10,12
52973,2017,Fredrika,Earthfield,1970,11,22
50567,2021,Bessy,Ince,1959,8,18
51068,2017,Silvester,Adds,1977,9,8
51032,2015,Mersey,Tolerton,2000,12,12
52130,2020,Maddy,Courtenay,1972,7,1
52220,2016,Obed,Le Lievre,2005,7,5
52421,2017,Crawford,Mc-Kerley,1995,2,21
50675,2019,Cassaundra,Anfusso,1974,9,17
51857,2021,Bryce,Syvret,1969,2,6
52007,2020,Jose,Freire,1958,9,5
51731,2019,Paulie,Feighney,1998,1,20
52448,2020,Lonee,Oldfield,1968,1,25
52535,2017,Harcourt,Sandon,1989,11,20
51824,2015,Nerti,Male,1978,2,26
51620,2019,Ramsay,Errett,1955,6,1
52031,2021,Wendy,Ferroni,1995,8,5
50009,2019,Cord,Hansana,1960,12,24
50981,2017,Alasteir,Brizell,1963,4,2
50534,2018,Thomas,Kneller,2000,1,15
51539,2018,Thacher,Marmion,1987,3,13
52382,2020,Gwennie,Uman,2005,7,2
51173,2017,Latrina,Gansbuhler,1974,6,22
50468,2017,Gwendolen,West-Frimley,1981,2,21
52628,2016,Farleigh,Gretton,2002,11,22
52733,2017,Loise,Mignot,1995,6,3
50339,2015,Blithe,Crinidge,1959,4,15
52067,2020,Cy,Jerdein,1970,11,17
50807,2017,Alix,Leadbitter,2004,1,17
52253,2021,Codie,Poyner,1968,7,17
51419,2017,Amie,Ranns,1970,9,18
51488,2018,Camile,Surplice,1980,6,8
51749,2021,Sibyl,Kampshell,2004,12,16
50630,2017,Philipa,Casina,1957,9,8
52373,2018,Mychal,Farquhar,2004,7,18
50720,2016,Lacy,Ferrandez,1992,11,27
51158,2016,Glenda,Wayne,1958,10,5
52229,2015,Ferne,Meineken,1993,3,18
51905,2021,Ryun,Horsley,2002,5,24
51296,2021,Nestor,Brownsell,1979,12,17
50159,2016,Nonie,Carous,1993,10,18
52832,2019,Delano,Sanday,1989,10,16
52199,2019,Mavra,Maymond,1956,8,27
52700,2019,Rozalin,Heatherington,1963,5,18
52823,2020,Hilary,Willder,1953,1,2
51107,2019,Lyssa,Cotesford,1974,11,15
52346,2017,Hedvige,Revill,1987,6,11
50081,2018,Shelden,Overbury,1997,6,26
51086,2015,Ralph,Ewen,1984,5,10
51074,2018,Astrid,Dragonette,2004,6,6
52769,2018,Thornie,Furphy,1977,9,21
50150,2019,Norman,Skokoe,1969,4,22
51635,2020,Fabian,Dunsire,1951,9,9
50270,2020,Hermia,Temby,1976,1,22
51854,2019,Gill,Sidgwick,1987,6,27
51275,2021,Annnora,Cloughton,1995,7,13
52412,2015,Berna,Albany,1968,10,21
51812,2018,Seward,Instrell,1963,3,9
50123,2021,Chastity,Stove,1983,1,15
50960,2016,Allie,Dies,1989,1,25
51821,2019,Richmond,Atherley,1963,10,13
51335,2016,Kellia,Masters,1952,7,19
50447,2021,Elisha,Riha,1981,5,14
50318,2015,Llewellyn,Jewitt,2002,2,5
50135,2018,Paolina,Maclean,1972,6,12
50033,2016,Bronson,Kobpal,1970,2,25
50873,2017,Irina,Lagadu,1997,9,7
51860,2019,Bogey,Crucetti,1981,1,24
51722,2020,Tome,Stroton,1955,11,2
50939,2019,Boyd,Lindro,1954,3,8
50708,2021,Tuckie,Galbraith,1970,8,3
52103,2020,Vivia,Sapir,1985,11,16
50165,2019,Gerda,Manklow,1995,4,28
52205,2021,Jeniece,Assandri,1965,12,4
50855,2019,Lynnelle,Pinnington,1976,8,4
52316,2019,Lily,Boniface,1969,11,10
52175,2020,Mireille,Baigrie,1970,3,13
50024,2016,Jenny,Sowersby,2005,6,27
50192,2015,Stepha,Domek,1959,9,3
52721,2020,Stefan,Weatherburn,1987,1,24
51308,2020,Kalil,Pryke,1981,7,28
50054,2018,Corinna,Gommey,1973,12,22
50027,2020,Elke,Kerkham,1995,9,15
51332,2016,Roi,Lacasa,2000,12,19
51626,2015,Bail,Casewell,1950,12,13
52460,2020,Bentlee,D'Antonio,1980,5,15
51641,2016,Teddie,Illston,2001,2,7
50582,2018,Maxy,Tunmore,1963,5,14
50387,2017,Jonas,Lindell,2004,1,15
50486,2016,Perry,Latliff,1997,8,8
51746,2015,Lynna,Dorracott,1980,3,11
51983,2015,Jeanie,Willshear,1998,7,14
51080,2021,Bryant,O'Kennavain,1956,12,25
52655,2016,Shea,Ropkes,1977,2,13
51998,2020,Theodore,Fogel,1984,12,18
52739,2016,Kerry,Aked,1954,4,7
50051,2021,Pammie,Sandy,1950,11,2
51830,2020,Lacey,Saville,1981,10,13
52499,2016,Kipp,Giron,1951,12,2
51545,2020,Cari,Raylton,1972,8,11
52877,2018,Dorotea,Cawley,1958,7,10
50717,2017,Chelsae,Longden,1951,4,23
50144,2018,Chrystal,Danzelman,1991,4,11
51200,2019,Germain,Klees,1989,6,22
50273,2019,Lyndsie,Rainy,1971,6,2
50252,2021,Purcell,Penrice,1984,10,14
51884,2016,Neilla,Pratley,1996,11,16
51185,2018,Godart,Altoft,1951,2,20
50891,2015,Emanuel,Kelshaw,1960,8,2
50126,2017,Joanna,Derell,1995,6,23
51878,2019,Hyatt,Found,1967,5,19
50492,2017,Chiarra,Ballefant,1957,3,21
52694,2017,Deva,Jull,1971,3,3
51245,2016,Tabatha,Skipsea,1961,9,21
51041,2021,Brooks,Mapholm,1958,11,25
51728,2016,Elfrieda,Syder,1973,10,23
50231,2020,Ashbey,Gundry,1973,8,21
50537,2017,Gertruda,Pickerin,2002,10,9
52610,2020,Vilma,O'Caherny,1959,11,14
50453,2019,Ali,Muschette,1997,2,20
51623,2017,Gus,Dunsmore,1998,10,15
50075,2018,Muffin,Jozefiak,1992,5,2
50429,2019,Bernette,Cristoferi,1977,9,8
52004,2021,Cecil,Butteris,1969,6,13
52244,2015,Claus,Bayne,1959,9,25
51044,2019,Esra,Tolson,2005,5,9
50201,2018,Blanch,Fernehough,1960,9,7
52115,2018,Phedra,Ipsly,1981,12,12
52604,2017,Mirabelle,Pabelik,1995,11,3
51839,2015,Lamar,Guisler,1981,6,22
52781,2015,Bonny,Job,1991,10,22
51956,2020,Cam,Forbear,1999,6,2
52850,2016,Marsha,Smeath,1960,9,2
51965,2021,Aimil,Crutchfield,1964,5,5
51500,2015,Gabriele,Chesterton,1966,5,4
50129,2020,Joceline,Portis,1975,6,5
51833,2021,Tirrell,Shitliff,1960,10,4
52622,2017,Ailbert,Blythe,1962,4,20
52802,2016,Siffre,Sivorn,1956,10,22
51671,2016,Tallie,Merle,1967,5,16
52262,2021,Marjy,Covotto,1966,3,27
51065,2021,Keenan,Philipsohn,1955,8,9
50705,2019,Netty,Sictornes,1973,5,12
50858,2019,Jess,Sanney,1979,10,13
50204,2016,Jody,Buxy,1989,6,24
51803,2016,Candida,Kimm,1988,3,24
52940,2015,Bambi,Stopper,1965,12,10
51368,2016,Andy,Stare,1980,11,26
52178,2021,Freddie,Mosdell,1963,5,13
51650,2018,Tammara,Glede,2004,3,8
50624,2016,Rafaela,Buncom,1966,2,28
52490,2020,Lynne,Sowrey,1998,9,24
51572,2018,Siusan,Chappelow,1953,10,6
50867,2021,Abba,Maggs,1978,7,24
51266,2017,Richart,Dmiterko,1970,12,1
50639,2021,Orelee,Bettles,2001,2,17
50903,2020,Darb,Vicar,1978,4,16
52661,2017,Gusella,Muscat,2005,1,19
52994,2019,Sharleen,Dudbridge,1969,4,15
52334,2020,Urban,Silcocks,1974,2,14
51989,2015,Tonye,Coe,1971,12,20
51917,2019,Lainey,Amesbury,1978,2,8
52367,2020,Wilmar,Donaway,1994,5,13
51680,2015,Hedda,Crusham,1994,7,8
51017,2016,Violante,Ruoss,1962,9,26
52223,2015,Truman,Pettersen,1976,2,16
52379,2021,Susan,Veldman,1986,4,23
50228,2018,Madelle,Nuss,1957,11,27
52709,2018,Geoffrey,Orthmann,1962,1,16
52799,2015,Inessa,Deeks,2001,6,17
52892,2016,Bron,Blucher,1950,12,9
50888,2018,Sherwood,Janca,2005,9,5
52361,2020,Vina,Kroger,1988,6,8
51536,2021,Dru,Scase,1969,4,16
51377,2019,Muffin,Picott,1994,7,6
50570,2019,Sutton,Phillps,1982,5,6
50738,2018,Tiffanie,Iannuzzelli,1970,8,6
51386,2021,Kinny,Garbutt,1965,9,24
51761,2016,Verile,Brisseau,1986,8,5
51524,2018,Chancey,Tolan,1987,3,19
51029,2016,Corny,Timbs,1988,4,3
52259,2019,Dominic,Dearth,1997,11,3
51740,2015,Jinny,Rivalant,1967,4,21
52511,2018,Sigismund,Bethune,1997,1,7
51194,2017,Wiley,Challender,1986,11,10
52790,2017,Pru,Bonifazio,1997,2,26
51872,2015,Michel,Goodhew,1994,10,2
50501,2017,Ernestine,Vlasin,2003,5,1
52337,2020,Ailene,Hogbourne,1999,9,6
51908,2021,Waverly,Kupker,1973,8,6
51062,2016,Bronny,Petrik,1954,6,17
50561,2019,Carine,Edinboro,2005,12,23
51197,2018,Laney,Billett,1994,5,2
52022,2016,Wendy,Jurewicz,1972,9,8
50837,2017,Alix,Goodlake,1971,10,15
51302,2019,Sharla,Walkington,1987,4,4
51725,2020,Ole,Gollard,1972,2,18
51512,2020,Daffie,Jeppe,1974,5,18
52922,2015,Alaric,Iacomo,1957,6,15
52025,2018,Jourdan,Allridge,1962,5,20
50945,2018,Jacquenette,McCrone,1992,11,2
51935,2018,Forester,Vieyra,1986,4,5
51227,2021,Dimitry,Ricart,1974,11,23
51557,2019,Cyb,Larcher,1995,12,25
51161,2015,Vita,Vitler,1956,10,7
51896,2020,Joelly,Du Plantier,1999,12,1
52166,2018,Conchita,Pfeifer,1971,12,5
51035,2018,Lorettalorna,Stockney,1969,10,11
51443,2020,Boris,Rowthorne,1974,4,5
51176,2021,Krispin,Howbrook,1999,12,4
52760,2018,Ruthie,Vonderdell,1984,6,25
52643,2018,Maddy,McIlvaney,1958,5,20
50174,2020,Teodoro,Conkay,1952,5,28
52898,2017,Torie,Piquard,1987,8,21
51977,2016,Katrina,Bendall,1983,9,12
52778,2021,Oona,Swatridge,1986,12,2
50786,2018,Roanne,Prevett,1969,2,1
52787,2016,Yasmeen,Tenny,1985,4,10
50747,2017,Alexandro,Seedull,1958,10,12
50879,2020,Melva,Sabate,1997,7,18
51845,2015,Judon,Labbati,1975,1,21
50900,2020,Geoffry,Chellenham,1992,10,16
52226,2019,Sarajane,Lopes,1977,11,18
51569,2016,Hartley,Rodie,1976,1,1
52559,2019,Gabbie,Ipgrave,1981,11,26
52355,2016,Alfy,Crilly,1992,9,14
50267,2019,Humphrey,Beldan,1956,7,4
52112,2015,Stacie,Dabrowski,1986,7,2
50069,2018,Donia,Caddies,1954,9,16
50315,2021,Marie,O'Spellissey,1997,1,3
51815,2016,Davy,Arling,2003,11,12
50852,2020,Chrissie,Twitchings,1968,6,4
50942,2015,Brianne,Potkin,1982,5,12
52055,2019,Henrie,Hembling,1988,12,17
51947,2017,Erik,Rival,1988,1,16
50474,2019,Dottie,Pardal,1956,5,7
50153,2021,Reiko,Gorries,1952,2,1
50003,2017,Isac,Janeway,2003,9,2
51113,2019,Mirabel,Sommerly,1981,8,11
52040,2019,Consuela,Hearne,1991,11,5
52667,2017,Chane,Griffith,1961,1,1
51218,2016,Farris,McGlynn,1999,1,19
51458,2019,Charissa,De L'Isle,1951,4,24
52097,2020,Krishnah,Chastand,1954,6,16
52691,2021,Melicent,Falck,1968,10,16
51071,2019,Briney,Schimon,2001,5,15
50327,2016,Ric,Nattriss,1983,9,7
52805,2016,Rikki,Kenderdine,1988,7,23
51629,2020,Chaim,Davers,1986,1,1
50963,2019,Ty,Lunnon,1985,9,5
51710,2020,Natty,Dunkerton,1982,6,27
50996,2016,Devin,Brockherst,1976,11,27
52487,2021,Anetta,Attewell,1968,6,12
50750,2017,Kristy,Dondon,2001,7,1
52871,2018,Solomon,Streeting,1975,11,20
50291,2020,Cordie,Verlinden,2001,4,21
52847,2020,Flynn,Goulstone,1955,5,22
51464,2021,Ilyssa,Cheater,1980,1,7
51662,2018,Jorry,Jeandeau,1988,11,5
52376,2016,Ginelle,Rubbens,2005,9,12
51380,2015,Juditha,Jouhandeau,1958,6,26
50825,2018,Read,Shippard,1956,11,19
52349,2020,Ofella,Bartalot,1955,8,21
50294,2015,Hatti,Cossins,2001,4,17
50663,2017,Karel,Fruin,1950,4,22
51053,2019,Merry,Kopf,1978,10,5
52907,2015,Lucky,Wyd,1965,3,8
50519,2021,Kailey,Avison,1984,1,11
51923,2020,Valida,Jankowski,1999,5,21
51020,2017,Pierre,Wagstaffe,1959,4,26
51401,2016,Ximenez,Kynvin,1951,10,2
52589,2016,Julia,Rohloff,1989,5,27
50063,2021,Viva,Tebbutt,1965,7,27
50573,2021,Elwyn,Buswell,1978,1,26
51704,2021,Darryl,Gosnall,1994,2,4
50780,2016,Eirena,Behning,1984,6,23
51257,2016,Shela,Moloney,1971,2,21
52970,2017,Flin,Brent,1995,2,23
50390,2016,Tim,Whetson,2002,11,23
51638,2015,Laurie,Wield,1962,11,22
52148,2021,Joice,Dury,1977,12,5
51698,2018,Alane,Cobbled,1983,9,22
50297,2019,Hatti,Berthouloume,1951,4,27
52478,2018,Gearalt,Poyser,1987,9,7
50636,2018,Renard,Tynemouth,1975,8,22
52607,2020,Cos,Leidecker,1953,7,2
51986,2018,Cathie,Skeleton,1998,8,14
51551,2017,Valentino,Byatt,1968,7,22
52718,2017,Odetta,Jorry,1980,10,13
51224,2015,Garrott,Infantino,2005,8,2
51548,2017,Allistir,Patmore,1989,9,6
51599,2015,Arney,Langeley,1986,1,8
52652,2016,Kalinda,Trowsdall,1971,7,3
51248,2015,Yolanda,Baxendale,2003,10,11
52754,2015,Ogden,Sinfield,2000,8,28
50207,2017,Leese,Hoodlass,1954,11,28
52094,2021,Deeann,Hanratty,1979,11,19
52835,2020,Ros,Overstreet,2002,11,10
51632,2021,Carmela,Farge,1981,5,18
51422,2017,Sigismund,Perillio,1969,7,14
52814,2021,Ophelia,Reeders,1966,11,16
52544,2021,Ilysa,Dishmon,1967,2,25
50531,2017,Levin,Hyder,1995,1,13
52037,2020,Pollyanna,Gedling,1999,8,12
50699,2018,Burgess,Long,1967,1,16
52466,2018,Rudy,Manford,1966,12,9
50861,2015,Dorothy,Mannock,1960,4,12
51800,2019,Bertie,Iozefovich,1992,1,8
52385,2018,Renee,Dudny,1962,10,1
51554,2015,Corena,Bartomieu,1961,4,24
51560,2019,Yvor,Aberdein,1969,9,26
51404,2015,Barton,Underdown,1967,2,3
50306,2015,Gregory,Ligerton,1951,12,8
51590,2018,Gael,McGrory,1973,6,16
50909,2020,Aristotle,Hucker,1953,7,18
51389,2017,Orelie,Larwell,1961,11,1
51089,2015,Tina,Village,1980,11,15
51734,2018,Fanya,O'Leahy,1967,11,14
50312,2016,Mathilde,Wherrett,1951,4,18
52370,2020,Kalina,Muncer,1971,7,19
52571,2020,Conney,MacGuffog,1972,9,18
50540,2016,Regine,Shortan,1959,8,20
50240,2018,Odele,Balsillie,1981,12,5
52583,2019,Clayborne,Cadd,1968,10,7
50243,2018,Jacki,Willison,2000,9,2
52202,2018,Benny,Colthard,1980,3,19
52340,2021,Arlyn,Bourner,1955,6,9
50948,2018,Willem,Piddletown,1957,12,23
52451,2018,Jessalin,Maudling,2004,9,25
51311,2016,Madalyn,Billitteri,1991,6,27
52415,2021,Cecilius,Zucker,1985,8,17
52928,2018,Maxwell,Kingcote,1950,8,5
50819,2018,Dinah,Doche,1973,3,20
50726,2018,Candi,Rankling,1999,4,15
50414,2021,Kari,Swalwel,1968,2,10
50255,2019,Aleda,Symms,1984,7,21
50264,2015,Gerardo,Outerbridge,1989,11,9
51431,2016,Abner,Denerley,1996,11,14
51437,2017,Vernon,Tremlett,1989,4,16
50993,2019,Clay,Kolodziej,1962,2,23
52217,2015,Shandee,Olivetta,1962,8,27
51758,2016,Darda,Pactat,1952,10,23
52196,2015,Eva,Scriven,1987,8,26
50147,2021,Martina,Colbert,1970,4,19
50954,2016,Gelya,West-Frimley,1991,7,14
51890,2016,Stevena,Simm,2001,2,10
50957,2021,Hilliary,Jekyll,1974,7,16
52211,2016,Honey,McLagain,1973,1,24
52292,2019,Emilie,Sarfati,2003,10,18
52427,2020,Evangelin,Coggon,1970,7,27
51563,2020,Merilyn,Drysdall,1961,1,4
51683,2016,Ethelda,Sculley,1956,3,1
52988,2021,Gregorius,Glaum,1971,2,27
99999,2019,Tony,Ferguson,1985,12,19
